CAMM_TS,CAMM_substrate,Das_TS,Das_substrate,MED_TS,MED_substrate,central_base,dna_form,nucleotide,position
0.007,0.008,-0.003,-0.004,0.004,0.004,C,A-DNA,A,-5
-0.107,-0.152,-0.003,-0.003,-0.11,-0.155,C,A-DNA,C,-5
0.045,0.069,-0.003,-0.003,0.042,0.066,C,A-DNA,T,-5
0.202,0.289,-0.003,-0.003,0.199,0.286,C,A-DNA,G,-5
0.038,0.012,-0.01,-0.012,0.028,0.0,C,A-DNA,A,-4
-0.102,-0.216,-0.008,-0.009,-0.11,-0.225,C,A-DNA,C,-4
0.128,0.202,-0.008,-0.009,0.12,0.193,C,A-DNA,T,-4
0.315,0.517,-0.009,-0.011,0.306,0.506,C,A-DNA,G,-4
0.151,0.007,-0.047,-0.059,0.104,-0.052,C,A-DNA,A,-3
-0.076,-0.372,-0.036,-0.044,-0.112,-0.416,C,A-DNA,C,-3
0.332,0.6,-0.035,-0.041,0.297,0.559,C,A-DNA,T,-3
0.643,1.111,-0.042,-0.05,0.601,1.061,C,A-DNA,G,-3
0.967,-0.34,-0.819,-1.482,0.148,-1.822,C,A-DNA,A,-2
0.397,-1.342,-0.448,-0.619,-0.051,-1.961,C,A-DNA,C,-2
0.891,2.223,-0.404,-0.451,0.487,1.772,C,A-DNA,T,-2
1.89,4.382,-0.742,-1.076,1.148,3.306,C,A-DNA,G,-2
0.559,0.081,-5.439,-5.279,-4.88,-5.198,C,A-DNA,A,1
2.495,0.904,-7.319,-6.763,-4.824,-5.859,C,A-DNA,C,1
2.131,0.575,-10.798,-10.341,-8.667,-9.766,C,A-DNA,T,1
0.609,0.755,-4.859,-4.859,-4.25,-4.104,C,A-DNA,G,1
0.188,0.058,-0.164,-0.165,0.024,-0.107,C,A-DNA,A,2
0.622,0.219,-0.149,-0.148,0.473,0.071,C,A-DNA,C,2
0.016,-0.159,-0.161,-0.161,-0.145,-0.32,C,A-DNA,T,2
-0.352,-0.212,-0.145,-0.15,-0.497,-0.362,C,A-DNA,G,2
0.058,0.03,-0.021,-0.021,0.037,0.009,C,A-DNA,A,3
0.205,0.102,-0.018,-0.018,0.187,0.084,C,A-DNA,C,3
-0.102,-0.117,-0.019,-0.019,-0.121,-0.136,C,A-DNA,T,3
-0.223,-0.168,-0.019,-0.019,-0.242,-0.187,C,A-DNA,G,3
0.014,0.003,-0.006,-0.005,0.008,-0.002,C,A-DNA,A,4
0.067,0.031,-0.004,-0.004,0.063,0.027,C,A-DNA,C,4
-0.088,-0.081,-0.004,-0.004,-0.092,-0.085,C,A-DNA,T,4
-0.119,-0.086,-0.005,-0.005,-0.124,-0.091,C,A-DNA,G,4
-0.012,-0.017,-0.002,-0.002,-0.014,-0.019,C,A-DNA,A,5
-0.006,-0.022,-0.002,-0.002,-0.008,-0.024,C,A-DNA,C,5
-0.071,-0.063,-0.002,-0.002,-0.073,-0.065,C,A-DNA,T,5
-0.038,-0.016,-0.002,-0.002,-0.04,-0.018,C,A-DNA,G,5
0.015,0.014,-0.002,-0.002,0.013,0.012,C,B-DNA,A,-5
0.006,0.006,-0.001,-0.001,0.005,0.005,C,B-DNA,C,-5
0.002,-0.0,-0.001,-0.001,0.001,-0.001,C,B-DNA,T,-5
0.043,0.054,-0.002,-0.002,0.041,0.052,C,B-DNA,G,-5
0.037,0.034,-0.006,-0.007,0.031,0.027,C,B-DNA,A,-4
0.023,0.006,-0.004,-0.005,0.019,0.001,C,B-DNA,C,-4
0.023,0.002,-0.005,-0.005,0.018,-0.003,C,B-DNA,T,-4
0.098,0.136,-0.007,-0.008,0.091,0.128,C,B-DNA,G,-4
0.087,0.098,-0.036,-0.047,0.051,0.051,C,B-DNA,A,-3
0.073,-0.063,-0.026,-0.034,0.047,-0.097,C,B-DNA,C,-3
0.008,-0.077,-0.027,-0.036,-0.019,-0.113,C,B-DNA,T,-3
0.189,0.37,-0.039,-0.049,0.15,0.321,C,B-DNA,G,-3
0.255,0.698,-0.635,-1.327,-0.38,-0.629,C,B-DNA,A,-2
0.107,-0.558,-0.457,-0.981,-0.35,-1.539,C,B-DNA,C,-2
-0.534,-0.521,-0.468,-1.009,-1.002,-1.53,C,B-DNA,T,-2
0.248,1.741,-0.658,-1.329,-0.41,0.412,C,B-DNA,G,-2
0.341,0.195,-4.745,-4.692,-4.404,-4.497,C,B-DNA,A,1
2.784,2.165,-5.532,-5.482,-2.748,-3.317,C,B-DNA,C,1
1.254,0.3,-7.772,-7.718,-6.518,-7.418,C,B-DNA,T,1
-1.354,-0.81,-4.388,-4.392,-5.742,-5.202,C,B-DNA,G,1
0.141,0.115,-0.161,-0.163,-0.02,-0.048,C,B-DNA,A,2
0.796,0.463,-0.106,-0.107,0.69,0.356,C,B-DNA,C,2
-0.15,-0.284,-0.106,-0.108,-0.256,-0.392,C,B-DNA,T,2
-0.889,-0.45,-0.164,-0.169,-1.053,-0.619,C,B-DNA,G,2
0.017,0.009,-0.017,-0.018,0.0,-0.009,C,B-DNA,A,3
0.174,0.049,-0.011,-0.012,0.163,0.037,C,B-DNA,C,3
-0.105,-0.111,-0.012,-0.012,-0.117,-0.123,C,B-DNA,T,3
-0.204,-0.055,-0.019,-0.019,-0.223,-0.074,C,B-DNA,G,3
-0.022,-0.017,-0.004,-0.004,-0.026,-0.021,C,B-DNA,A,4
-0.016,-0.046,-0.002,-0.003,-0.018,-0.049,C,B-DNA,C,4
-0.067,-0.051,-0.003,-0.003,-0.07,-0.054,C,B-DNA,T,4
0.007,0.052,-0.004,-0.004,0.003,0.048,C,B-DNA,G,4
-0.025,-0.019,-0.001,-0.001,-0.026,-0.02,C,B-DNA,A,5
-0.066,-0.063,-0.001,-0.001,-0.067,-0.064,C,B-DNA,C,5
-0.044,-0.029,-0.001,-0.001,-0.045,-0.03,C,B-DNA,T,5
0.058,0.064,-0.001,-0.001,0.057,0.063,C,B-DNA,G,5
0.006,0.006,-0.003,-0.004,0.003,0.002,5mC,A-DNA,A,-5
-0.106,-0.161,-0.003,-0.003,-0.109,-0.164,5mC,A-DNA,C,-5
0.045,0.064,-0.003,-0.004,0.042,0.06,5mC,A-DNA,T,-5
0.198,0.294,-0.003,-0.004,0.195,0.29,5mC,A-DNA,G,-5
0.033,0.006,-0.011,-0.013,0.022,-0.007,5mC,A-DNA,A,-4
-0.103,-0.233,-0.008,-0.01,-0.111,-0.243,5mC,A-DNA,C,-4
0.125,0.198,-0.008,-0.01,0.117,0.188,5mC,A-DNA,T,-4
0.305,0.527,-0.01,-0.012,0.295,0.515,5mC,A-DNA,G,-4
0.135,-0.013,-0.05,-0.064,0.085,-0.077,5mC,A-DNA,A,-3
-0.082,-0.403,-0.038,-0.048,-0.12,-0.451,5mC,A-DNA,C,-3
0.324,0.602,-0.038,-0.045,0.286,0.557,5mC,A-DNA,T,-3
0.607,1.11,-0.046,-0.055,0.561,1.055,5mC,A-DNA,G,-3
0.879,-0.485,-0.841,-1.491,0.038,-1.976,5mC,A-DNA,A,-2
0.324,-1.397,-0.476,-0.676,-0.152,-2.073,5mC,A-DNA,C,-2
0.874,2.26,-0.44,-0.517,0.434,1.743,5mC,A-DNA,T,-2
1.729,4.254,-0.77,-1.091,0.959,3.163,5mC,A-DNA,G,-2
0.586,-0.005,-5.99,-5.508,-5.404,-5.513,5mC,A-DNA,A,1
2.974,1.154,-8.088,-7.163,-5.114,-6.009,5mC,A-DNA,C,1
2.192,0.667,-12.118,-11.295,-9.926,-10.628,5mC,A-DNA,T,1
0.229,0.501,-5.372,-5.035,-5.143,-4.534,5mC,A-DNA,G,1
0.185,0.083,-0.181,-0.182,0.004,-0.099,5mC,A-DNA,A,2
0.649,0.279,-0.166,-0.164,0.483,0.115,5mC,A-DNA,C,2
-0.035,-0.191,-0.179,-0.177,-0.214,-0.368,5mC,A-DNA,T,2
-0.445,-0.284,-0.159,-0.163,-0.604,-0.447,5mC,A-DNA,G,2
0.052,0.036,-0.023,-0.024,0.029,0.012,5mC,A-DNA,A,3
0.206,0.119,-0.02,-0.02,0.186,0.099,5mC,A-DNA,C,3
-0.121,-0.133,-0.021,-0.021,-0.142,-0.154,5mC,A-DNA,T,3
-0.253,-0.195,-0.021,-0.022,-0.274,-0.217,5mC,A-DNA,G,3
0.01,0.003,-0.006,-0.007,0.004,-0.004,5mC,A-DNA,A,4
0.065,0.033,-0.005,-0.005,0.06,0.028,5mC,A-DNA,C,4
-0.095,-0.091,-0.005,-0.005,-0.1,-0.096,5mC,A-DNA,T,4
-0.13,-0.095,-0.006,-0.006,-0.136,-0.101,5mC,A-DNA,G,4
-0.014,-0.019,-0.003,-0.003,-0.017,-0.022,5mC,A-DNA,A,5
-0.006,-0.025,-0.002,-0.002,-0.008,-0.027,5mC,A-DNA,C,5
-0.073,-0.068,-0.002,-0.002,-0.075,-0.07,5mC,A-DNA,T,5
-0.043,-0.017,-0.002,-0.003,-0.045,-0.02,5mC,A-DNA,G,5
0.015,0.012,-0.002,-0.002,0.013,0.01,5mC,B-DNA,A,-5
0.0,-0.002,-0.001,-0.001,-0.001,-0.003,5mC,B-DNA,C,-5
0.003,-0.001,-0.001,-0.001,0.002,-0.002,5mC,B-DNA,T,-5
0.051,0.061,-0.002,-0.002,0.049,0.059,5mC,B-DNA,G,-5
0.037,0.031,-0.007,-0.007,0.03,0.024,5mC,B-DNA,A,-4
0.018,-0.008,-0.005,-0.005,0.013,-0.013,5mC,B-DNA,C,-4
0.028,-0.0,-0.005,-0.005,0.023,-0.005,5mC,B-DNA,T,-4
0.105,0.146,-0.008,-0.008,0.097,0.138,5mC,B-DNA,G,-4
0.092,0.094,-0.038,-0.047,0.054,0.047,5mC,B-DNA,A,-3
0.078,-0.091,-0.028,-0.035,0.05,-0.126,5mC,B-DNA,C,-3
0.019,-0.074,-0.029,-0.037,-0.01,-0.111,5mC,B-DNA,T,-3
0.181,0.378,-0.041,-0.05,0.14,0.328,5mC,B-DNA,G,-3
0.293,0.733,-0.665,-1.268,-0.372,-0.535,5mC,B-DNA,A,-2
0.192,-0.58,-0.47,-0.947,-0.278,-1.527,5mC,B-DNA,C,-2
-0.492,-0.357,-0.481,-0.973,-0.973,-1.33,5mC,B-DNA,T,-2
0.184,1.798,-0.692,-1.269,-0.508,0.529,5mC,B-DNA,G,-2
0.514,0.363,-5.26,-4.892,-4.746,-4.529,5mC,B-DNA,A,1
2.877,2.351,-6.117,-5.762,-3.24,-3.411,5mC,B-DNA,C,1
1.114,0.08,-8.357,-8.047,-7.243,-7.967,5mC,B-DNA,T,1
-1.489,-0.962,-4.844,-4.521,-6.333,-5.483,5mC,B-DNA,G,1
0.116,0.127,-0.179,-0.175,-0.063,-0.048,5mC,B-DNA,A,2
0.761,0.483,-0.118,-0.114,0.643,0.369,5mC,B-DNA,C,2
-0.164,-0.301,-0.118,-0.114,-0.282,-0.415,5mC,B-DNA,T,2
-0.872,-0.475,-0.182,-0.18,-1.054,-0.655,5mC,B-DNA,G,2
0.005,0.008,-0.019,-0.019,-0.014,-0.011,5mC,B-DNA,A,3
0.148,0.048,-0.013,-0.012,0.135,0.036,5mC,B-DNA,C,3
-0.115,-0.114,-0.013,-0.013,-0.128,-0.127,5mC,B-DNA,T,3
-0.184,-0.049,-0.021,-0.021,-0.205,-0.07,5mC,B-DNA,G,3
-0.026,-0.02,-0.004,-0.004,-0.03,-0.024,5mC,B-DNA,A,4
-0.03,-0.052,-0.003,-0.003,-0.033,-0.055,5mC,B-DNA,C,4
-0.071,-0.053,-0.003,-0.003,-0.074,-0.056,5mC,B-DNA,T,4
0.017,0.06,-0.005,-0.005,0.012,0.055,5mC,B-DNA,G,4
-0.026,-0.02,-0.001,-0.001,-0.027,-0.021,5mC,B-DNA,A,5
-0.071,-0.069,-0.001,-0.001,-0.072,-0.07,5mC,B-DNA,C,5
-0.044,-0.031,-0.001,-0.001,-0.045,-0.032,5mC,B-DNA,T,5
0.061,0.069,-0.001,-0.001,0.06,0.068,5mC,B-DNA,G,5
